Ki volt a gyermekorvostan els‹ tan ra haz nkban?;id. B¢kay J nos;Heim P l;Sch”pf-M‚rei µgoston;Kor nyi S ndor;A;BIOLàGIA
Ki minden id‹k legfiatalabb wimbledoni f‚rfi teniszbajnoka?;Pete Sampras;Bj”rn Borg;Stefan Edberg;Boris Becker;D;SPORT
Melyik orsz gban tal lhat¢ a Szent Andr s-t”r‚svonal?;Ausztr lia;USA;Mexik¢;Kanada;B;F™LDRAJZ
Minek a r”vid¡t‚se az MTK?;Magyar Testnevel‚si Klub;Magyar Testgyakorl¢k K”re;Magyar Torna Klub;Magyar Torn szok K”re;B;SPORT
Melyik volt az Ill‚s egyttes els‹ nagylemeze?;Ill‚sek ‚s pofonok;Add a kezed!;Neh‚z az £t;Ne s¡rjatok l nyok!;C;ZENE
Mi volt a neve annak a haj¢nak, amely fed‚lzet‚re vette a Titanic t£l‚l‹it?;Eritrea;Carpathia;Lusitania;Aurora;B;µLTALµNOS
Mi Z mb¢ Jimmy eredeti keresztneve?;J¢zsef;Istv n;Imre;J nos;C;ZENE
Milyen term‚kk‚nt hozt k el‹sz”r forgalomba Eur¢p ban a kaucsukot?;ker‚kp r-abroncsk‚nt;rad¡rk‚nt;h‹szigetel‹k‚nt;¢vszerk‚nt;B;TECHNIKA
Milyen az £tsz‚l T¢th µrp d µprilisi capriccio c¡mû vers‚ben?;es‹ ztatta;napt¢l tzes;csupa pitypang;mad rdalt¢l hangos;C;IRODALOM
H nyas sz m£ mezt viselte Pusk s ™csi az Aranycsapatban?;10-es;9-es;8-as;11-es;A;SPORT
Kit gy‹z”tt le Cornelius Scipio Kr.e. 202-ben a z mai csat ban?;Nagy S ndort;Spartacust;Hannib lt;Dareioszt;C;T™RTNELEM
Melyik v ros h¡res strandja a Copacabana?;Barcelona;Rio de Janeiro;Havanna;Buenos Aires;B;ORSZµGOK
Melyik ”k”lv¡v¢nk nyert ezst‚rmet az 1972-es mncheni olimpi n v lt¢s£lyban?;Kajdi J nos;Ged¢ Gy”rgy;Botos Andr s;Orb n L szl¢;A;SPORT
Mely orsz gban tal lhat¢ a m‚nes‚r‹l h¡res Lipica helys‚g?;Horv torsz g;Szlov‚nia;Ausztria;Szlov kia;B;ORSZµGOK
Milyen sz¡nû ny ron a hermelin bund ja?;fekete;szrke;barna;feh‚r;C;BIOLàGIA
Melyik sz¡ndarab j tsz¢dik a harminc‚ves h bor£ alatt?;Az orleans-i szûz;Az obsitos;Kur zsi mama;F klyal ng;C;IRODALOM
Melyik sport g szakkifejez‚se a fless?;birk¢z s;torna;vitorl z s;v¡v s;D;SPORT
Melyik  llam z szlaja hasonl¡t az Egyeslt µllamok z szlaj ra, de csak egy csillag tal lhat¢ benne?;Lib‚ria;Ausztr lia;Malajzia;Costa Rica;A;ORSZµGOK
Melyik afrikai orsz g dikt tora volt Idi Amin?;Szud n;Kenya;Uganda;K”z‚p-afrikai K”zt rsas g;C;T™RTNELEM
Hol v‚gezte szabades‚s-k¡s‚rleteit Galilei?;a p duai templomban;a mil n¢i d¢mban;a velencei harangtoronyban;a pisai ferde toronyban;D;TUDOMµNY
Melyik  llat tetteti mag t halottnak v‚szhelyzetben?;p vi n;oposszum;ugr¢eg‚r;gekk¢;B;BIOLàGIA
Hol ¡rta al  szeptember elej‚n a jap n kld”tts‚g a kapitul ci¢s okm nyokat?;a Lincoln hadihaj¢n;a Missouri hadihaj¢n;Pearl Harborban;Okinava sziget‚n;B;T™RTNELEM
Mi a pontos c¡me Kem‚ny Zsigmond reg‚ny‚nek?;™zvegy ‚s le nya;Az ”zvegy meg a l nya;Egy asszony meg a l nya;A le nyanya;A;IRODALOM
Ki volt Keresztel‹ J nos apja a Bibli ban?;Zakari s;Jonat n;Elizeus;Fl”p;A;VALLµS
Kit neveztek r‚gen kur¡rnak?;az utcai h¡rlap rust;a kisb¡r¢t;a v ndordalnokot;a fut rt;D;NYELV
Ki nem volt VIII. Henrik feles‚ge?;Boleyn Anna;Aquit niai Eleon¢ra;Catherine Parr;Cleve-i Anna;B;T™RTNELEM
Ki volt a h¡res ¢kori uralkod¢n‚, Nofretete f‚rje?;Kheopsz;II. Ramszesz;IV. Amenhotep;III. Thotmesz;C;T™RTNELEM
Ki nyert 1980-ban ‚s 1984-ben is olipmiai bajnoks got 1500 m-es s¡kfut sban?;Steve Ovett;Sebastian Coe;Steve Cram;Marcus O'Sullivan;B;SPORT
Melyik v ros r¢mai neve volt Lut‚cia?;Lausanne;N poly;Lyon;P rizs;D;T™RTNELEM
Kit neveznek Angli ban Lord Mayornak?;a minisztereln”k”t;a tr¢n”r”k”st;London f‹polg rmester‚t;a kir ly nagyb tyj t;C;µLTALµNOS
Mi volt a neve Nelson admir lis vez‚rhaj¢j nak a trafalgari tk”zetben?;Queen Elisabeth;Victory;King George III.;Triumph;B;T™RTNELEM
H ny pontot ‚r, ha a darts-t bla k”zep‚be tal lunk?;huszon”t”t;sz zat;”tvenet;harminc”t”t;C;JµTK
Ki volt µrp d t rsfejedelme a honfoglal s kor ban?;Levedi;Jutocsa;Kursz n;Ajtony;C;T™RTNELEM
Ki volt Antigon‚ apja a g”r”g mitol¢gia szerint?;Oidipusz;Kreon;Zeusz;Agamemnon;A;VALLµS
Kit neveznk a bresciai hi‚n nak?;Radetzkyt;Metternichet;Haynaut;Caraff t;C;T™RTNELEM
Az al bbi anyagok k”zl melyik nem a besamelm rt s alapanyaga?;vaj;liszt;tej;toj s;D;KONYHA
A felsorolt orsz gok k”zl melyiknek a z szl¢j ban nincs csillag?;Sz¡ria;Vietnam;T”r”korsz g;Indon‚zia;D;ORSZµGOK
Kir‹l vagy mir‹l kapta nev‚t a mokka nevû k v‚fajta?;eti¢p hegys‚gr‹l;jemeni kik”t‹v rosr¢l;arab sejkr‹l;b£r ltetv‚nyesr‹l;B;NYELV
Mikor rendeztek rendk¡vli olimpiai j t‚kokat?;1926-ban;1922-ben;1910-ben;1906-ban;D;SPORT
Ki nyerte meg 1999-ben a p rizsi Roland Garros tenisztorn t?;Jevgenyij Kafelnyikov;Andre Agassi;Pete Sampras;Ilie Philippoussis;B;SPORT
Ki az a magyar k”lt‹, akinek Szegedy R¢za volt a m£zs ja?;Arany L szl¢;Arany J nos;Kisfaludy S ndor;Kisfaludy K roly;C;IRODALOM
Melyik olimpi n z rt k ki a versenyb‹l Ben Johnson kanadai r”vidt vfut¢t doppinghaszn lat miatt?;Barcelon ban;Sz”ulban;Atlant ban;Los Angelesben;B;SPORT
Kik voltak val¢j ban a mes‚kb‹l ismert burkusok?;franci k;poroszok;velenceiek;spanyolok;B;T™RTNELEM
Hol szletett Kolumbusz Krist¢f?;Madridban;Genov ban;P du ban;Lisszabonban;B;T™RTNELEM
Melyik nyelv m¢dosult, ”n ll¢ v ltozata az afrikaans?;holland;angol ;francia;n‚met;A;NYELV
Hol rendezt‚k 1930-ban az els‹ labdar£g¢ vil gbajnoks got?;Olaszorsz gban;Franciaorsz gban;Uruguayban;Braz¡li ban;C;SPORT
Mib‹l k‚szlt a florentinkalap?;szalm b¢l;nemzett pamutb¢l;kartonb¢l;poszt¢b¢l;A;µLTALµNOS
Melyik szervnk vizsg lat ‚rt kapott orvosi Nobel-d¡jat B‚k‚sy Gy”rgy?;az agy;a szem;a fl;a sz¡v;C;BIOLàGIA
Mi az  llamform ja a Vatik nnak?;alkotm nyos monarchia;p pas g;teokratikus kir lys g;k”zt rsas g;C;ORSZµGOK
Kinek a vallom sai szerepelnek M rai S ndor reg‚ny‚nek c¡m‚ben?;egy bûn”s;egy polg r;egy vil gcsavarg¢;egy sz mûz”tt;B;IRODALOM
Melyik orsz g egyetlen szomsz‚dja a D‚l-afrikai K”zt rsas g?;Malawi;Lesotho;Szv zif”ld;Botswana;B;ORSZµGOK
Melyik az egyetlen magyarorsz gi alap¡t s£ szerzetesrend?;ciszterciek;domonkosok;benc‚sek;p losok;D;VALLµS
Melyik n‚p nagy uralkod¢ja volt Montezuma?;maja;azt‚k;inka;eszkim¢;B;T™RTNELEM
Ki a n‹i tornasport legeredm‚nyesebb olimpikonja?;Nadia Comaneci;Olga Korbut;Keleti µgnes;Larisza Latinyina;D;SPORT
Milyen zsir f szerepel Salvador Dali h¡res k‚p‚n?;har ntcs¡kos;l ngol¢;nyolcl b£;k‚tfejû;B;KPZŠMëVSZET
Melyik k‚pz‹mûv‚szeti ir nyzat legismertebb k‚pvisel‹je volt Vasarely?;pop-art;op-art;dadaizmus;funkcionalizmus;B;KPZŠMëVSZET
Melyik nem volt magyar v rmegye neve?;Z¢lyom;Ung;Arad;Cs kv r;D;T™RTNELEM
Hol laktak a k”z‚pkorban a priorok?;kolostorban;kast‚lyban;remetelakban;a kir lyi udvarban;A;T™RTNELEM
Melyik labdar£g¢ Eur¢pa-bajnoks gon ‚rt el Magyarorsz g 3. helyez‚st?;az 1968-as olaszorsz gi;az 1964-es spanyolorsz gi;az 1972-es belgiumi;az 1960-as franciaorsz gi;B;SPORT
Mit nevezett a n‚pnyelv szentj nos ld snak?;italoz sok utols¢ pohar t;a keresztel‹t;a term‚s megszentel‚s‚t;‚tkez‚sek els‹ falatj t;A;NYELV
Mi t”rt‚nik J¢zsef Attila K‚sei sirat¢ c¡mû verse szerint azzal, kit anya szlt?;mind eltûnik v‚gl;mind elbukik v‚gl;mind csal¢dik v‚gl;mind megleli haz j t v‚gl;C;IRODALOM
Melyik egyttessel ‚nekelt el‹sz”r Koncz Zsuzsa?;Omega egyttes;Ill‚s egyttes;Metr¢ egyttes;Bergendy egyttes;A;ZENE
Milyen n‚ven v lt vil gh¡rûv‚ Robert Allen Zimmerman?;Ringo Starr;Bob Dylan;Sting;Jimi Hendrix;B;ZENE
"Mi a c¡me Ingmar Bergman klasszikus filmj‚nek? ""A hetedik ?""";kereszt;asszony;pecs‚t;lovag;C;FILM
Mi‚rt kurta a Pet‹fi-versben szerepl‹ kocsma?;nagyon kicsi;est‚nk‚nt van nyitva;‹szt‹l tavaszig van nyitva;a falu hat r ban van;C;IRODALOM
Milyen c¡men jelent meg Madonna els‹ albuma?;Like a Virgin;True Blue;Madonna;You Can Dance;C;ZENE
Melyik festm‚ny‚vel nyert arany‚rmet Munk csy Mih ly 1870-ben P rizsban?;T‚p‚scsin l¢k;µs¡t¢ inas;Siralomh z;jjeli csavarg¢k;C;KPZŠMëVSZET
Mi a jap n konyha egyik jellegzetes ‚tele, a tofu?;sz¢jasz¢sz;bambuszrgy;sz¢jat£r¢;hossz£ szemû rizs;C;KONYHA
Hogy h¡vj k az ûrhaj¢ sz m¡t¢g‚p‚t A nyolcadik utas: a hal l c¡mû sci-fiben?;Apa;Anya;Nagy Testv‚r;B dogember;B;FILM
Mivel foglalkozik az, aki a manieriuzmust tanulm nyozza?;egy fest‚szeti technik val;p‚nzgyletekkel;filoz¢fi val;egy mûv‚szeti st¡lussal;D;NYELV
"Melyik magyar ‚nekesn‹ nagy sl gere volt a 70-es ‚vekben az ""µrva fi£""?";Karda Be ta;Kov cs Kati;Cserh ti Zsuzsa;Szûcs Judit;C;ZENE
Melyik ital gy rt s t tiltott k be Eur¢pa legt”bb orsz g ban, eg‚szs‚gk ros¡t¢ hat sa miatt?;rum;raki;abszint;tequila;C;µLTALµNOS
Ki ellen k”vettek el sikertelen mer‚nyletet 1984-ben Brightonban?;Edward Heath;Harold Wilson;Erzs‚bet kir lyn‹;Margaret Thatcher;D;T™RTNELEM
"Ki ¡rt szimf¢ni t ""M ria Ter‚zia"" c¡men?";Beethoven;Schubert;Mozart;Haydn;D;OPERA
Milyen  llat a kazu r?;ausztr liai hll‹;macskaf‚le;fut¢mad r;med£za;C;BIOLàGIA
Melyik filmfesztiv lon osztj k az Arany Leop rd-d¡jat?;Locarn¢ban;Lipcs‚ben;Lbeckben;Mannheimben;A;FILM
Az al bbiak k”zl melyik nem sz‚nvegylet?;m‚szk‹;met n;hangyasav;gipsz;D;TUDOMµNY
Melyik hegys‚gnkben l that¢ Boldogk‹ v ra?;a Mecsekben;a Bakonyban;a Cserh tban;a Zempl‚ni-hegys‚gben;D;MAGYARORSZµG
A nagy francia ¡r¢, Stendhal val¢di neve Marie-Henri Beyle. Honnan k”lcs”n”zte ¡r¢i  lnev‚t?;Nap¢leon egyik lov t¢l;gyerekkori dad j t¢l;egy legend s var zsl¢t¢l;egy porosz v rost¢l;D;IRODALOM
Ki nem n‹nemû az al bbi mitol¢giai alakok k”zl?;Erisz;D‚m‚ter;Daphnis;Khrsz‚isz;C;VALLµS
Melyik birk¢z¢nak nyert k‚t egym st k”vet‹ olimpi n arany‚rmet?;Kozma Istv n;H¢dos Imre;B¢bis Gyula;Hegedûs Csaba;A;SPORT
Melyik sz¡n‚szn‹ v lt eredeti vezet‚knev‚n h¡ress‚?;Marlene Dietrich;Sophia Loren;Brigitte Bardot;Marilyn Monroe;C;FILM
Melyik sport gban szereztk els‹ Eur¢pa-bajnoki gy‹zelmnket?;evez‚sben;mûkorcsoly ban;£sz sban;”k”lv¡v sban;B;SPORT
"Kik voltak a Leoncavallo oper j ban is szerepl‹ ""bajazz¢k""?";udvari muzsikusok;hal szok;v ndorkom‚di sok;aranycsemp‚szek;C;OPERA
Ki alap¡totta az Orosz Balettot?;Szergej Gyagilev;Mihail Fokin;Igor Sztravinszkij;Vaclav Nizsinszkij;A;MëVSZET
Melyik orsz gban h£z¢dik a Vog‚zek nevû k”z‚phegys‚g?;Franciaorsz gban;N‚metorsz gban;Sv‚dorsz gban;Csehorsz gban;A;F™LDRAJZ
A felsoroltak k”zl melyik nem nemesf‚m?;platina;nikkel;ozmium;rut‚nium;B;TUDOMµNY
Az al bbi szerz‹k k”zl ki utas¡totta vissza az irodalmi nobel-d¡jat?;Alekszandr Szolzsenyicin;Bohumil Hrabal;Thomas Mann;Borisz Paszternak;D;IRODALOM
Milyen mûv‚szeti  ggal foglalkoz¢ ember tal lkozik tanulm nyai sor n az Arnolfini h zasp rral?;fest‚szettel;irodalommal;szobr szattal;sz¡nmûv‚szettel;A;MëVSZET
Milyen anyagb¢l k‚szlt az ‹si term‚kenys‚g-szobrocska, a Willendorfi V‚nusz?;m rv ny;terrakotta;m‚szk‹;bronz;C;KPZŠMëVSZET
Ki volt t¡z ‚ven  t lengyel kir ly az al bbi magyar t”rt‚nelmi szem‚lyek k”zl?;Bethlen G bor;R k¢czi Gy”rgy;B thori Istv n;Bocskai Istv n;C;T™RTNELEM
Melyik sport gban szerzett arany‚rmet Cs¡k Ferenc az 1936-os berlini olimpi n?;atl‚tika;£sz s;”k”lv¡v s;birk¢z s;B;SPORT
Mit adott Andersen kis hable nya a tengeri boszork nynak a l bak‚rt cser‚be?;egy hajtincset;a hangj t;a farok£sz¢j t;a lelk‚t;B;IRODALOM
Ki l‹tte a gy‹zelmet jelent‹ aranyg¢lt a 2000. vi futball Eur¢pa Bajnoks gon?;Henry;Wiltord;Dugarry;Trezeguel;D;SPORT
Mit‹l ¡rt¢zik az al bbiak k”zl az arachnof¢bi ban szenved‹ ember?;a madarakt¢l;a magass gt¢l;a p¢kokt¢l;a z rt terekt‹l;C;NYELV
Ki nem kapta meg egyszer sem a legjobb rendez‚s‚rt j r¢ Oscar-d¡jat?;Alfred Hitchcock;Victor Fleming;Billy Wilder;Milos Forman;A;FILM
Hol rendezt‚k meg a m sodik £jkori olimpiai j t‚kokat?;Amszterdam;London;St. Louis;P rizs;D;SPORT
Mi‚rt tart¢ztatj k le a Szel¡d motorosok c¡mû film k‚t f‹h‹s‚t?;gyorshajt s‚rt;k”zt‚ri alkoholfogyaszt s‚rt;drogfogyaszt s‚rt;enged‚ly n‚lkli felvonul s‚rt;D;FILM
Melyik nagy utaz¢nk ¡rta meg a t”r”k-tat r nyelvek etimol¢giai sz¢t r t?;V mb‚ry µrmin;Hopp Ferenc;K‹r”si Csoma S ndor;Germanus Gyula;A;NYELV
Milyen nemzetis‚gû j t‚kvezet‹ f£jta a s¡pot a 2000. labdar£g¢ EB d”nt‹j‚ben?;d n;sk¢t;sv‚d;osztr k;C;SPORT
Az al bbiak k”zl melyik orsz gban hivatalos p‚nznem a din r?;Alg‚ria;Arab Em¡rs‚gek;Cs d;Katar;A;ORSZµGOK
Hol szletett a h¡res k‚mn‹, Mata Hari?;Indi ban;Hollandi ban;Sv‚dorsz gban;J va sziget‚n;B;T™RTNELEM
Mely mai orsz g terlet‚n ‚plt fel az ¢kori nevezetess‚g, Hadrianus fala?;Olaszorsz g;G”r”gorsz g;Anglia;Egyiptom;C;T™RTNELEM
Ki volt a m gneses indukci¢ SI-m‚rt‚kegys‚g‚nek n‚vad¢ja?;Becquerel;Siemens;Faraday;Tesla;D;TUDOMµNY
Mi a c¡me Pet‹fi S ndor egyetlen r nk maradt reg‚ny‚nek?;Z”ld Marci;Az apostol;A h¢h‚r k”tele;Tigris ‚s hi‚na;C;IRODALOM
Melyik amerikai filmszt r szletett az egykori NSZK-ban?;Bruce Willis;Arnold Schwarzenegger;Leonardo DiCaprio;Marlon Brando;A;FILM
Melyik h¡res filmet nem magyar sz rmaz s£ rendez‹ k‚sz¡tette?;Casablanca;VIII. Henrik mag n‚lete;Lady Hamilton;Irma, te ‚des;D;FILM
Mi volt Juh sz Gyula m£zs j nak, Ann nak a csal di neve?;Sz rk ndy;V radi;Losonczi;S rv ri;D;IRODALOM
Az al bbiak k”zl melyik nem M¢ricz Erd‚ly-tril¢gi j nak a r‚sze?;A nap szerelmese;Tnd‚rkert;A nagy fejedelem;A nap  rny‚ka;A;IRODALOM
Minek a mûv‚szet‚r‹l ¡rt nagyszab s£ zenemûvet Johann Sebastian Bach?;a f£ga;a kant ta;a szvit;a szon ta;A;OPERA
Ki gy‹zte le Marcus Antoniust az actiumi csat ban?;Octavianus;Mucius Scaevola;Pompeius;Julius Caesar;A;T™RTNELEM
Melyik megy‚nkben tal lhat¢ ànod, ahol a t”rt‚nelmi orsz ggyûl‚st tartott k?;Szabolcs-Szatm r-Bereg megye;Veszpr‚m megye;Borsod-Aba£j-Zempl‚n megye;Kom rom-Esztergom megye;C;F™LDRAJZ
Melyik t”rt‚nelmi korban terjedt el a f‚rfiak k”z”tt a k‚zfog s mai form ja?;az ¢kori R¢m ban;a XX. sz zadban;a lovagkorban;Nap¢leon idej‚n;C;µLTALµNOS
Ki volt a f‚rje K rolyi Amy k”lt‹n‹nek?;Vas Istv n;J‚kely Zolt n;We”res S ndor;Dsida Jen‹;C;IRODALOM
Melyik kir lyunk nem szerepel a H‹s”k ter‚n l that¢ millenniumi eml‚kmûv”n?;Zsigmond;IV. B‚la;Nagy Lajos;II. Andr s;A;PÖTSZET
Hol j tsz¢dik Bertolucci Lopott sz‚ps‚g c¡mû filmje?;R¢m ban;P rizsban;Toscan ban;Korzik n;C;FILM
Hogy h¡vt k Ferenc J¢zsef ‚s Erzs‚bet kir lyn‚ egyetlen fi£gyermek‚t?;Ott¢;Ferdin nd;Rudolf;Miksa;C;T™RTNELEM
Ki a f‹szerepl‹je Jean Renoir A nagy  br nd c¡mû klasszikus filmj‚nek?;Jean Marais;Jean Gabin;Yves Montand;Gerard Philipe;B;FILM
Hol hordt k a szerzetesek a kord t?;az imak”nyvkben;a derekuk k”rl;a nyakukban;a l bukon;B;µLTALµNOS
Melyik orsz g v logatottja ellen j tszotta n‹i k‚zilabda csapatunk az EB-d”nt‹t Bukarestben?;Rom nia;Oroszorsz g;Ukrajna;D nia;C;SPORT
Hol van a sz‚khelye a Reuters h¡rgyn”ks‚gnek?;London;Washington;Berlin;P rizs;A;ORSZµGOK
Melyik orsz g klbirtoka Szent Ilona szigete?;Nagy-Britannia;Olaszorsz g;Franciaorsz g;Amerikai Egyeslt µllamok;A;F™LDRAJZ
Milyen tulajdons g£ emberre mondt k Sz‚kelyf”ld”n, hogy szigor£?;a m‚ly hang£ra;a k‚tsz¡nûre;az el‚gedetlenked‹re;a v‚zn ra;D;NYELV
A meztelen testet  br zol¢ alkot st aktnak nevezzk. Mi a jelent‚se az alapj ul szolg l¢ latin sz¢nak?;sz‚ps‚g;cselekv‚s;tisztas g;ny¡lts g;B;NYELV
Milyen felk‚r‚sre k‚sz¡tette Rembrandt az jjeli ‹rj rat c¡mû festm‚nyt?;egy polg rmester‚re;egy p p ‚ra;egy l”v‚szegylet‚re;egy kasz rny ‚ra;C;KPZŠMëVSZET
Ki rendezte a Biciklitolvajok c¡mû klasszikus filmet?;Roberto Rossellini;Federico Fellini;Vittorio De Sica;Luchino Visconti;C;FILM
Melyik h¡res fest‹ vett r‚szt az Andal£ziai kutya c¡mû film elk‚sz¡t‚s‚ben?;Pablo Picasso;Salvador Dal¡;Marc Chagall;Henri Matisse;B;FILM
Hol j tsz¢dott John Carpenter Menekl‚s Los Angelesb‹l c¡mû filmj‚nek el‹z‹ r‚sze?;Bostonban;Washingtonban;Atlant ban;New Yorkban;D;FILM
Melyik neves magyar ¡r¢ volt a h bor£ ut n honv‚delmi miniszter?;Illy‚s Gyula;Veres P‚ter;Darvas J¢zsef;Szab¢ P l;B;T™RTNELEM
Mit neveztek el az amerikai tud¢sr¢l, Edwin Powell Hubble-r¢l?;vakcin t;zemanyagot;csillag szati t vcs”vet;oper ci¢s rendszert;C;TECHNIKA
Melyik egyttes tagja volt 1969 ‚s 73 k”z”tt Mik¢ Istv n sz¡n‚sz?;Karthag¢;Kormor n;Kal ka;Bojtorj n;C;ZENE
Mi a foglalkoz sa Alfi¢nak Mascagni Parasztbecslet c¡mû oper j ban?;kalm r;fuvaros;katona;kocsm ros;B;OPERA
Milyen kapcsolatban volt Bornemissza P‚ter Balassi B linttal?;katonat rsa volt;s¢gora volt;di kt rsa volt;nevel‹je volt;D;T™RTNELEM
Milyen kiemelked‹ esem‚ny t”rt‚nt 1965-ben az ûrhaj¢z sban?;az els‹ ûrs‚ta;az ember a Holdra l‚p;az els‹ nemzetk”zi ûrrepl‚s;az els‹ n‹i ûrhaj¢s utaz sa;A;TUDOMµNY
Mi a szecesszi¢ sz¢ magyar jelent‚se?;vibr l¢;mozgalmas;kivonul s;nyit s;C;NYELV
Ki vezette be Magyarorsz gon a veszetts‚g elleni v‚d‹olt st?;Szent-Gy”rgyi Albert;H‹gyes Endre;Kor nyi S ndor;id. B¢kay J nos;B;BIOLàGIA
Ki k‚sz¡tett portr‚t II. Gyula p p r¢l?;Veronese;Tintoretto;Raffaello;Giorgione;C;KPZŠMëVSZET
Melyik  llat fajt i a mezei, gr”nlandi, sarki, sivatagi, tibeti, havasi?;eg‚r;medve;r¢ka;ny£l;D;BIOLàGIA
Hol l togathatjuk meg neves fest‹nk, Sz‹nyi S ndor eml‚km£zeum t?;Nagymaroson;Visegr don;Zebeg‚nyben;D”m”s”n;C;MAGYARORSZµG
Kinek az uralkod s t¢l szedt‚k haz nkban a tizedet?;I. Istv n;I. Andr s;I. G‚za;I. L szl¢;A;T™RTNELEM
Milyen sz rmaz s£ volt a vil gh¡rû sz¡n‚szn‹, Sarah Bernhardt?;francia;n‚met;angol;amerikai;A;FILM
Melyik v rosunkban l togathat¢ a Trr Istv n M£zeum?;Hatvan;Tata;Baja;Nagykanizsa;C;MAGYARORSZµG
Melyik sport g nemzetk”zi sz”vets‚ge a FIDE?;torna;gyeplabda;v¡v s;sakk;D;SPORT
Melyik orosz  llamf‚rfi ‚p¡ttetett l tszatfalvakat a c rn‹ l togat sa alkalm b¢l?;Raszputyin;Patyomkin;Kutuzov;Kolcsak;B;T™RTNELEM
Melyik mûv‚t ¡rta Kod ly Pest, Buda ‚s àbuda egyes¡t‚s‚nek 50. ‚vfordul¢j ra?;Budav ri Te Deum;Missa brevis;Psalmus Hungaricus;F”lsz llott a p va;C;OPERA
"Melyik ‚nekes platinalemeze volt 1995-ben a ""Mindenki valaki‚""?";Delhusa Gjon;µkos;Demj‚n Ferenc;Horv th Charlie;D;ZENE
Kinek a l nya Iphigeneia a g”r”g m¡tosz szerint?;Artemisz;Perszephon‚;Kltaimn‚sztra;Iokaszt‚;C;VALLµS
Melyik magyar uralkod¢ vett r‚szt a nik polyi csat ban?;Nagy Lajos;Zsigmond;I. Ul szl¢;II. Lajos;B;T™RTNELEM
Ki k‚sz¡tett bronz D vid-szobrot a Mediciek sz m ra?;Michelangelo;Donatello;Bernini;Pisano;B;KPZŠMëVSZET
Melyik filmben nem j tszott egytt Ruttkai va ‚s Latinovits Zolt n?;Szindb d;Butas gom t”rt‚nete;K rp thy Zolt n;Alfa R¢me¢ ‚s J£lia;B;FILM
Az al bbi Shakespeare-mûvek k”zl melyik kezd‹dik prol¢gussal?;A vihar;T‚li rege;Romeo ‚s J£lia;Cymbeline;C;IRODALOM
Az al bbi foly¢k k”zl melyiknek van t”lcs‚rtorkolata?;Duna;Elba;N¡lus;Amazonas;B;F™LDRAJZ
Melyik Verdi-opera nem Schiller dr m ja alapj n k‚szlt?;Harami k;Don Carlos;Falstaff;Luisa Miller;C;OPERA
Kit v lasztottak a magyar rendek kir lly  Beszterceb ny n?;Bethlen G bort;II. R k¢czi Ferencet;Bocskai Istv nt;Th”k”ly Imr‚t;A;T™RTNELEM
Ki nyerte meg a n‹i egyes tenisztorn t a sydneyi olimpi n?;Venus Williams;Szeles M¢nika;Martina Hingis;Lindsay Davenport;A;SPORT
A KRESZ szerint mekkora a vesz‚lyt jelz‹ t bla ‚s a vesz‚lyes £tszakasz k”z”tti t vols g az aut¢p ly n?;150-250 m‚ter;250-500 m‚ter;350-600 m‚ter;500-1000 m‚ter;B;µLTALµNOS
Melyik ‚plet nem I. Ferenc J¢zsef uralkod sa alatt ‚plt?;Magyar Nemzeti M£zeum;Erkel Sz¡nh z;budapesti Keleti p lyaudvar;Sz‚pmûv‚szeti M£zeum;A;T™RTNELEM
Ki ¡rt Milton mûve alapj n orat¢riumot a teremt‚sr‹l?;J. S. Bach;Haydn;Liszt Ferenc;Handel;B;OPERA
A vil girodalom melyik h¡res mûve ¡rodott a virtu¢z versel‚st k¡v n¢ tercin kban?;Goethe: Faust;Puskin: Anyegin;Dante: Isteni sz¡nj t‚k;Milton: Elveszett paradicsom;C;IRODALOM
Mi a Pl£t¢ holdj nak neve?;Umbriel;Triton;Charon;Callisto;C;TUDOMµNY
Jiri Menzel melyik filmj‚‚rt kapott Oscar-d¡jat?;Szigor£an ellen‹rz”tt vonatok;S”rgy ri capriccio;Pacsirt k c‚rnasz lon;H¢vir gnnep;A;FILM
Mit jelent magyarul Mozart: Cosi fan tutte oper j nak c¡me?;Mind ¡gy csin lj k;A v‚ge mindig j¢;L‚gy hû magadhoz!;A gonosz v‚gl p¢rul j r;A;OPERA
Ki alap¡totta a h¡res francia sz¡nh zat, a Com‚die Francaise-t?;Nap¢leon;XIV. Lajos;Richelieu b¡boros;Madame de Pompadour;B;SZÖNHµZ
Hol mutatt k be el‹sz”r Erkel B nk b n c¡mû oper j t?;az Operah zban;a Pesti Magyar N‚psz¡nh zban;a Nemzeti Sz¡nh zban;a Budai N‚psz¡nh zban;C;OPERA
Mi lesz a sorsa Javert felgyel‹nek a Nyomorultak v‚g‚n?;lel”vik a barik dokn l;v¡zbe ”li mag t;b”rt”nbe kerl;emigr lni k‚nyszerl;B;IRODALOM
Hol halt meg Bethlen Istv n kor bbi magyar minisztereln”k?;az Egyeslt µllamokban;Nagy-Britanni ban;Sv jcban;a Szovjetuni¢ban;D;T™RTNELEM
Roman Polanski melyik filmj‚nek f‹szerepl‹je Jack Nicholson?;V mp¡rok b lja;K¡nai negyed;Keserû m‚z;Rosemary gyermeke;B;FILM
Melyik amerikai eln”k hirdette meg az Apoll¢ ûrprogramot?;Truman;Kennedy;Nixon;Eisenhower;B;T™RTNELEM
Melyik t¢ partj n fekszik Chicago?;Huron-t¢;Erie-t¢;Michigan-t¢;Ontario-t¢;C;F™LDRAJZ
Kit k‚rt II. Gyula p pa saj t s¡reml‚k‚nek megtervez‚s‚re?;Leonardo da Vincit;Michelangel¢t;Raffaell¢t;Donatell¢t;B;PÖTSZET
Mi volt az ismert k”lt‹, Tompa Mih ly foglalkoz sa?;hivat sos katona;orvos;gyv‚d;reform tus lelk‚sz;D;µLTALµNOS
Melyik fest‚szeti ir nyzat kiv l¢s ga volt Dominique Ingres?;barokk;klasszicizmus;impresszionizmus;szrrealizmus;B;KPZŠMëVSZET
"Melyik rockegyttes ¡rt filmzen‚t a ""Zabriskie Point"" c¡mû Antonioni-filmhez?";Led Zeppelin;Pink Floyd;Dire Straits;Yes;B;FILM
Melyik v ros l tk‚pe van a t¡zezer forintos bankjegyen?;Buda;Esztergom;Eger;S rospatak;B;µLTALµNOS
Melyik Verdi-oper ban hangzik el a h¡res Szabads gkett‹s?;Aida;A trubad£r;Don Carlos;Nabucco;C;OPERA
Melyik h¡res ¡r¢nk eredeti neve Brenner J¢zsef?;T”m”rk‚ny Istv n;Cs th G‚za;M rai S ndor;Rejt‹ Jen‹;B;IRODALOM
Ki volt az 1837-ben megny¡lt Pesti Magyar Sz¡nh z els‹ igazgat¢ja?;Csiky Gergely;Bajza J¢zsef;Szigligeti Ede;Paulay Ede;B;SZÖNHµZ
Melyik  llatn‚v el‹tagja lehet m‚g a p‚zsma a pockon k¡vl?;r ja;szarvas;m¢kus;g”d‚ny;B;BIOLàGIA
Milyen  llat Bandi Orwell µllatfarm c¡mû reg‚ny‚ben?;diszn¢;l¢;kecske;szam r;B;IRODALOM
Mivel foglalkoztak a trapperek?;lovak bet”r‚s‚vel;pr‚mvad szattal;aranymos ssal;doh nytermeszt‚ssel;B;µLTALµNOS
"Mennyi az a ""harmadf‚l""?";m sf‚l;h rom ‚s f‚l;kett‹ ‚s f‚l;n‚gy ‚s f‚l;C;µLTALµNOS
"Melyik sz¡n‚sz-‚nekesn‹ kapott Oscar-d¡jat a ""Holdk¢rosok"" c¡mû filmben ny£jtott alak¡t s ‚rt?";Gloria Estefan;Whitney Houston;Madonna;Cher;D;FILM
Melyik film f‹szerep‚t j tszotta saj t rendez‚s‚ben Barbra Streisand?;Funny Girl;Hello, Dolly!;Mi van, doki?;Yentl;D;FILM
Ki nem volt soha a Magyar Tudom nyos Akad‚mia eln”ke az al bbiak k”zl?;Kod ly Zolt n;Kand¢ K lm n;E”tv”s Lor nd;Kos ry Domokos;B;TUDOMµNY
Hol tal lhat¢ az ENSZ Nemzetk”zi Munkagyi Szervezet‚nek (ILO) sz‚khelye?;P rizs;Lausanne;Genf;New York;C;µLTALµNOS
Melyik szigeten j tsz¢dik Bizet: Gy”ngyhal szok c¡mû oper ja?;Capri;J va;Ceylon;Tajvan;C;OPERA
Melyik egy kengurufajta neve?;l¢fejû;kaktuszev‹;fak£sz¢;fletlen;C;BIOLàGIA
Melyik h¢napban osztj k ki ‚vente a Nobel-d¡jakat?;janu rban;m rciusban;okt¢berben;decemberben;D;TUDOMµNY
H ny fia volt No‚nak a Biblia szerint?;kett‹;h rom;h‚t;t¡z;B;VALLµS
Az al bbi ismert ‚nekesek k”zl ki j tszotta saj t mag t S ndor P l Ripacsok c¡mû filmj‚ben?;Sz”r‚nyi Levente;Soml¢ Tam s;Zor n;Vikid l Gyula;C;FILM
Melyik irodalmi £js g indult 1916-ban?;Kelet N‚pe;Nyugat;Ma;Pesti H¡rlap;C;IRODALOM
Melyik orsz g nem hat ros Braz¡li val?;Ecuador;Guyana;Paraguyay;Bol¡via;A;ORSZµGOK
Melyik orsz g terlet‚n tal lhat¢ a Kalah ri-sivatag?;Botswana;Nam¡bia;Zimbabwe;D‚l-afrikai K”zt rsas g;A;F™LDRAJZ
Ki dolgozta ki a kvantumelm‚letet?;Werner Heisenberg;Erwin Schr”dinger;Max Planck;Max Born;C;TUDOMµNY
"Kinek a mes‚je alapj n ¡rta meg R nki Gy”rgy a ""Pom d‚ kir ly £j ruh ja"" c¡mû oper t?";Grimm-testv‚rek;Benedek Elek;La Fontaine;Andersen;D;OPERA
Melyik sport gban szereztk els‹ vil gbajnoki arany‚rmnket?;asztaliteniszben;v¡v sban;mûkorcsoly ban;sportl”v‚szetben;C;SPORT
Ki nem j tszotta a legend s James Bondot?;Sean Connery;George Lazenby;Timothy Hutton;Timothy Dalton;C;FILM
Milyen hangszert neveztek el a m£zs k lakhely‚r‹l?;t‹st;von¢st;f£v¢st;billentyûst;C;OPERA
Mir‹l v lasztotta nev‚t a U2 egyttes?;atom-tengeralattj r¢r¢l;k‚mmûholdr¢l;felder¡t‹ repl‹g‚pr‹l;anyahaj¢r¢l;C;ZENE
Ki volt Magyarorsz g p rizsi nagyk”vete 1947-1949 k”z”tt?;Szakasits µrp d;K rolyi Mih ly;Fejt‹ Ferenc;Illy‚s Gyula;B;T™RTNELEM
Hol szletett Erkel Ferenc?;P p n;Mak¢n;Tur n;Gyul n;D;OPERA
Mely eur¢pai orsz g gyarmata volt az 1910-es ‚vek elej‚n a mai L¡bia?;Hollandia;Franciaorsz g;Olaszorsz g;Nagy-Britannia;C;T™RTNELEM
Melyik n”v‚nyt alkalmazt k szem”lcs ellen?; rvacsal n;v‚rehull¢ fecskefû;feh‚r m lyva;fagy”ngy;B;BIOLàGIA
Melyik szervnk termeli az inzulint?;a pajzsmirigy;a hasny lmirigy;a mell‚kvese;az agyalapi mirigy;B;BIOLàGIA
Ki volt a f‚rfi sakkvil gbajnok 1975 ‚s 1985 k”z”tt?;Borisz Szpasszkij;Robert Fischer;Gari Kaszparov;Anatolij Karpov;D;SPORT
"Kinek tulajdon¡tj k a mond st? ""Vae victis!"" (Jaj a legy‹z”tteknek!)";Julius Caesarnak;Tacitusnak;Lepidusnak;Brennusnak;D;T™RTNELEM
Ki fogalmazta meg tudom nyosan a heliocentrikus vil gk‚pet?;Kopernikusz;Ptolemaiosz;Galileo Galilei;Giordano Bruno;A;TUDOMµNY
Ki alkotta meg a m gneses er‹t‚r alapfogalm t?;Heinrich Hertz;James Prescott Joule;James Maxwell;Michael Faraday;D;TUDOMµNY
Melyik orsz ggal nem hat ros Luxemburg?;Belgium;Sv jc;Franciaorsz g;N‚metorsz g;B;F™LDRAJZ
Melyik nagyszab s£ mû k”t‹dik Ap czai Csere J nos nev‚hez?;magyar nyelvû Biblia;a H rmask”nyv;tibeti-magyar sz¢t r;Magyar Enciklop‚dia;D;IRODALOM
Mely orsz g besz‚lt nyelvei: francia, volot, szerer, mandinak, diola?;Guinea;Szeneg l;Niger;Kamerun;B;NYELV
"Kinek a mond sa? ""Isten megbocs t, az a mesters‚ge.""";Rimbaud;Baudelaire;Heine;Goethe;C;IRODALOM
"Ki ¡rta a ""Dalok sz”veg n‚lkl"" c¡mû zongoraciklust?";Mendelssohn;Schumann;Brahms;Liszt Ferenc;A;OPERA
Az al bbiak k”zl melyik nyelv tartozik a neolatin nyelvek k”z‚?;holland;breton;cseh;katal n;D;NYELV
Ki nem adott el‹ James Bond-film f‹c¡mdalt az al bbi h¡res zen‚szek k”zl?;Paul McCartney;Tom Jones;Louis Amstrong;David Bowie;D;ZENE
Ki j tszotta a n‹i f‹szerepet a Volt egyszer egy vadnyugat c¡mû westernfilmben?;Raquel Welch;Claudia Cardinale;Monica Vitti;Brigitte Bardot;B;FILM
Ki volt az Egyeslt µllamok eln”ke a vietnami h bor£t lez r¢ fegyverszneti egyezm‚ny al ¡r sakor?;Ford;Nixon;Johnson;Carter;B;T™RTNELEM
Ki nem volt az 1848.  prilis ban beiktatott Batthy ny-korm ny tagja?;M‚sz ros L z r;Klauz l G bor;F y Andr s;Esterh zy P l;C;T™RTNELEM
Melyik Wagner-oper ban szerepel t”bbek k”z”tt cip‚sz, ”tv”s, b dogos ‚s p‚k?;a Lohengrin;A bolyg¢ hollandiban;a Tannhauserben;A nrnbergi mesterdalnokokban;D;OPERA
Hol nyugszik K‹r”si Csoma S ndor?;Lh sz ban;Nagyk‹r”s”n;Dardzsilingben;éjdelhiben;C;µLTALµNOS
Minek volt az istenn‹je a g”r”g mitol¢gi ban Nemezis?;k”lt‚szet;csal di b‚ke;£jj szlet‚s;megtorl s;D;VALLµS
H ny szem‚lyi hiba ut n pontoz¢dik ki egy kos rlabd z¢?;n‚gy;”t;h rom;nincs kipontoz¢d s;B;SPORT
Mit j tszik az, aki iring l?;bab zik;j‚gen cs£szk l;hint zik;fog¢csk zik;B;NYELV
A n”v‚nyek mely csal dj ba tartozik a l¢tuszvir g?;var zsdi¢f‚l‚k;v‚nuszhajf‚l‚k;tnd‚rr¢zsaf‚l‚k;liliomfaf‚l‚k;C;BIOLàGIA
Melyik orsz g nem k”zt rsas g az al bbi eur¢pai  llamok k”zl?;San Marino;M lta;Andorra;Izland;C;ORSZµGOK
Melyik  llat k‚sz¡t a vakond‚hoz hasonl¢ t£r sokat?;mong£z;f”ldikutya;krill;cick ny;B;BIOLàGIA
Mi a neve Tatj na testv‚r‚nek az Anyeginben?;Irina;M sa;Olga;Natasa;C;IRODALOM
Az al bbi n‹i nevek k”zl melyik nem szerepelt Fassbinder-film c¡m‚ben?;Petra von Kant;Katharina Blum;Effi Briest;Veronika Voss;B;FILM
Melyik  llat nem ersz‚nyes?;oposszum;kuszkusz;pele;vombat;C;BIOLàGIA
Melyik orsz ghoz tartoznak a Gal pagos-szigetek?;Ecuador;Chile;Argent¡na;Kolumbia;A;F™LDRAJZ
Ki volt K”lcsey K lm n, akihez K”lcsey Ferenc a Parainesis c¡mû mûvet ¡rta?;fia;unoka”ccse;”ccse;n‚vrokona;B;IRODALOM
Ki tal lta meg az Afrik ban eltûnt tud¢st, Livingstone-t?;Peary;Amundsen;Stanley;Cook;C;TUDOMµNY
H nyszor kell k”rbej rnia egy iszl m h¡v‹nek Mekk ban a K ba-k”vet?;h romszor;h‚tszer;”tsz”r;t¡zszer;B;VALLµS
Az al bbi sz¡n‚szek k”zl ki nem tartozott a United Artists filmst£di¢ alap¡t¢i k”z‚?;Mary Pickford;Charlie Chaplin;Douglas Fairbanks;Gloria Swanson;D;FILM
Az al bbi ûrhaj¢sok k”zl ki nem j rt a Holdon?;David Scott;James Irwin;Eugene A. Cernan;James Arthur Lowell;D;TUDOMµNY
Ki fedezte fel t vcs”v‚vel a Hold hegyeit ‚s a Jupiter n‚gy holdj t?;Nikolausz Kopernikusz;Galileo Galilei;Johannes Kepler;Karl Friedrich Gauss;B;TUDOMµNY
Melyik egyttesben l‚pett fel el‹sz‹r Galla Mikl¢s, a n‚pszerû humorista?;Nautilus;GM 49;V' 73;Ikarus;D;ZENE
"Minek a bec‚z‚se Al Capone nev‚ben az ""Al""?";Alfred;Alphonse;Alan;Alec;B;µLTALµNOS
Melyik orsz g dikt tora volt Antonio de Oliveira Salazar?;Mexik¢;Argent¡na;Panama;Portug lia;D;T™RTNELEM
Hol tal lhat¢ a Vesz‚lyek Tengere?;A Horn-fokn l;Borne¢ ‚s Szum tra k”z”tt;A Hebrid kn l;A Holdon;D;F™LDRAJZ
Ki volt a h¡res ¡r¢n‹, George Sand ismert szerelme az al bbiak k”zl?;Frederic Chopin;ifj. Alexandre Dumas;Victor Hugo;Hector Berlioz;A;IRODALOM
Melyik orsz g v logatottja nyerte a sydneyi olimpia labdar£g¢ torn j t?;Chile;Kamerun;Spanyolorsz g;Nig‚ria;B;SPORT
Melyik a legjobb h‹- ‚s elektromos vezet‹k‚pess‚gû f‚m?;arany;r‚z;ezst;cink;C;TUDOMµNY
A sportl”v‚szet melyik  g ban szerzett k‚t olimpiai arany‚rmet Tak cs K roly?;gyorstzel‹ pisztoly;l‚gpisztoly;sportpisztoly;kis”bû puska, ”sszetett;A;SPORT
"Mit neveztek az ¢kori sum‚rok a ""t bla h z nak""?";b¡r¢s got;iskol t;vend‚gl‹t;frd‹t;B;T™RTNELEM
Ki nem volt a kerekasztal lovagja?;Parsifal;Gawain;Cid;Lancelot;C;T™RTNELEM
Melyik fûszern”v‚nyt nevezik csombornak?;a bazsalikomot;a borsikafvet;a t rkonyt;a kaprot;B;NYELV
Melyik foly¢ partj n fekszik az egykori p pai sz‚khely, Avignon?;Rhone;Rajna;Saone;Garonne;A;T™RTNELEM
"Ki nem volt tagja az orosz ""™t”k"" nevû zeneszerz‹-csoportnak?";Muszorgszkij;Rimszkij-Korszakov;Glinka;Borogyin;C;OPERA
Melyik a f”ldkereks‚g legkisebb sziget llama?;M lta;Marshall-szigetek;Nauru;Seychelle-szigetek;C;F™LDRAJZ
Mire haszn lj k a kanadabalzsamot?;ragaszt¢szerk‚nt;test pol¢k‚nt;illatszer-alapanyagk‚nt;b£torf‚nyez‹k‚nt;A;µLTALµNOS
Melyik orsz ghoz tartozik a H£sv‚t-sziget?;Nagy-Britannia;Argent¡na;Amerikai Egyeslt µllamok;Chile;D;F™LDRAJZ
Mely h¢napok fordul¢j nak felel meg a francia forradalmi napt r thermidor hava?;janu r-febru r;m rcius- prilis;j£lius-augusztus;okt¢ber-november;C;T™RTNELEM
Milyen  llat a hossz£fark£ tobzoska?;ritka d¡szmad r;sivatagi gy¡k;tr¢pusi eml‹s;kis m‚retû alig tor;C;BIOLàGIA
Melyik az az egyetlen ny ri olimpia, ahol a j‚gkorongoz s is szerepelt a versenysz mok k”z”tt?;1920 Antwerpen;1912 Stockholm;1928 Amszterdam;1908 London;A;SPORT
H ny ‚ves volt John Glenn amerikai ûrhaj¢s 1998-as ûrrepl‚sekor?;hatvan”t;hatvanh‚t;hetvenh‚t;hetvenkilenc;C;TUDOMµNY
Melyik Wagner-oper ban csendl fel a Tûzvar zs?;A walkr;A nrnbergi mesterdalnokok;A Rajna kincse;Parsifal;A;OPERA
Ki szerezte els‹ olimpiai arany‚rmnket kardv¡v sban?;Tersty nszky ™d”n;Fuchs Jen‹ dr.;P¢sta S ndor dr.;Kabos Endre;B;SPORT
"Kit nevez ""v‚rn‹sz‹ baromnak"" Hamlet atyj nak szelleme Arany J nos ford¡t s ban?";Poloniust;Claudiust;Laertest;Horatiot;B;IRODALOM
Haz nk melyik nevezetes k”nyvt rterme tal lhat¢ a Szent M rton-hegyen l‚v‹ kolostorban?;a p‚csv radi ap ts g‚;a bakonyb‚li ap ts g‚;a pannonhalmi ap ts g‚;a zalav ri ap ts g‚;C;MAGYARORSZµG
Melyik filmben nem j tszott egytt Tom Cruise ‚s Nicole Kidman?;T£l az àperenci n;Mint a vill m;Kokt‚l;T gra z rt szemek;C;FILM
"Melyik spanyol labdar£g¢ ""beceneve"" a Keselyû?";Alfredo di Stefano;Emilio Butragueno;Carlos Santillana;Amaneio Amaro;B;SPORT
Milyen ‚l‹l‚ny a henye boroszl n?;n”v‚ny;hal;fut¢mad r;s”r‚nyes borz;A;BIOLàGIA
Melyiket tal lta fel B¡r¢ L szl¢?;a karbur tort;a goly¢stollat;a hologr fot;a tekercsfilmet;B;TECHNIKA
Mit neveztek arkhim‚deszi csavarnak?;filoz¢fiai ir nyzatot;v¡zemel‹ g‚pezetet;¢kori f£r¢eszk”zt;geometriai t”rv‚nyt;B;TUDOMµNY
A borj£ melyik bont si r‚sz‚b‹l v s rol, aki frikand¢t vesz?;gerinc;szegy;lapocka;comb;D;KONYHA
Melyik n”v‚ny nem rokona a k”rt‚nek?;jap nbirs;naspolya;galagonya;gr n talma;D;BIOLàGIA
Ki rendezte a K”d”s utak c¡mû klasszikus francia filmet?;Jean Cocteau;Marcel Carn‚;Jean Renoir;Ren‚ Clair;B;FILM
Kivel egytt jelentetett meg kislemezt Elton John 1991-ben?;Michael Jackson;George Michael;Stevie Wonder;Paul McCartney;B;ZENE
Mikor ‚s hol szletett az els‹ lombikb‚bi?;1985, Szovjetuni¢;1954, USA;1967, D‚l-Afrikai K”zt.;1978, Nagy-Britannia;D;BIOLàGIA
Ki nem volt a mai V¡gsz¡nh z igazgat¢ja?;J¢b D niel;Goda G bor;Soml¢ Istv n;V”r”s P l;D;SZÖNHµZ
Hol v lasztott k kir lly  Szapolyai J nost a magyar rendek 1526 november‚ben?;Bud n;Sz‚kesfeh‚rv ron;Pozsonyban;V radon;B;T™RTNELEM
Melyik helysz¡nen j r az al bbiak k”zl Candide?;Atlantisz;Eldor d¢;El¡zium mezeje;Alvil g;B;IRODALOM
Kinek a mûhely‚ben tanult Leonardo da Vinci?;Mantegna;Masaccio;Veronese;Verrocchio;D;MëVSZET
Az al bbiak k”zl melyik v ros egyetem‚t alap¡tott k legr‚gebben?;Heidelberg;P rizs;Bologna;Krakk¢;C;TUDOMµNY
Mikor alakult a Magyar V”r”skereszt?;1867-ben;1881-ben;1895-ben;1910-ben;B;µLTALµNOS
Ki gy‹zte le a Magyarorsz gra bet”r‹ III. Henrik n‚met-r¢mai cs sz rt?;I. B‚la;II. B‚la;III. B‚la;IV. B‚la;A;T™RTNELEM
Minek a m‚r‚s‚re szolg lt az orosz m‚rt‚kegys‚g, a pud?;ûrtartalom;hossz£s g;s£ly;terlet;C;TUDOMµNY
Ki nem tartozott a filmkomikus Marx testv‚rek k”z‚?;Groucho;Harold;Chico;Harpo;B;FILM
Kinek a tan¡tv nya volt Rippl-R¢nai J¢zsef?;Pa l L szl¢;Munk csy Mih ly;Bencz£r Gyula;Sz‚kely Bertalan;B;MëVSZET
Melyik v ros kir lya a mondabeli Sziszphosz?;Szmrna;Eleuszisz;Korinthosz;Mil‚tosz;C;IRODALOM
Milyen  llat nev‚t viselte a holdkomp, amelyb‹l az els‹ ember a Holdra l‚pett?;s¢lyom;sas;bagoly;albatrosz;B;µLTALµNOS
Melyik mûv‚sz alkotott a quattrocento id‹szak ban?;Giotto;Donatello;Bernini;Tintoretto;B;MëVSZET
Melyik ûr llom son v‚gzett kutat¢munk t Farkas Bertalan?;Szaljut-6;Mir;Skylab;Szaljut-3;A;TUDOMµNY
Melyik Wagner-oper ban szerepel Madar sz Henrik kir ly?;Tannhauser;A bolyg¢ hollandi;Lohengrin;Triszt n ‚s Izolda;C;OPERA
Milyen gy rt s£ g‹zmozdonyok k”zlekedtek az els‹ magyar g‹zzemû vas£tvonalon?;angol;n‚met;amerikai;belga;D;TECHNIKA
"Hol j tsz¢dik Bernstein ""West Side Story"" c¡mû musicalje?";San Franciscoban;Los Angelesben;New Yorkban;Londonban;C;ZENE
Mir‹l kapta a nev‚t a rottweiler kutyafajta?;egy juhfajt r¢l;egy sz¡nr‹l;egy v ros nev‚r‹l;egy teny‚szt‹ nev‚r‹l;C;NYELV
Miket v laszt el egym st¢l a K rm n-vonal?;a l‚gi teret ‚s a vil gûrt;a sztratoszf‚r t ‚s a bioszf‚r t;a kontinenseket ‚s a tengereket;a f”ldk”penyt ‚s a f”ldk‚rget;A;TUDOMµNY
Ki volt a legnagyobb ragtime-zeneszerz‹?;Scott Joplin;Irving Berlin;Glenn Miller;Cole Porter;A;ZENE
Melyik USA tag llam terlet‚n tal lhat¢ a Grand Canyon?;Nevada;Colorado;Arizona;Utah;C;F™LDRAJZ
Mi a n”v‚nyi sejtfalakat fel¡p¡t‹ sz‚nhidr t neve?;lakt¢z;cellul¢z;malt¢z;glk¢z;B;BIOLàGIA
Ki vagy mi volt a mitol¢gia szerint Romolus ‚s Remus ‚desanyja?;egy farkas;Juno;Minerva;Rhea Silvia;D;VALLµS
Melyik h¡res film operat‹re volt a magyar sz rmaz s£ Zsigmond Vilmos?;Apokalipszis most;A c pa;Harmadik t¡pus£ tal lkoz sok;Hair;C;FILM
Mi volt az a t‚ma, amit Rembrandt majdnem minden ‚vben megfestett?;apja portr‚ja;feles‚ge aktja;”narck‚pe;szobabels‹;C;KPZŠMëVSZET
Mi a szputnyik sz¢ magyar megfelel‹je?;st”k”s;£tit rs;rak‚ta;g”mb;B;NYELV
Melyik ¡z ‚rz‚kelhet‹ a nyelv h ts¢ r‚sz‚n (a nyelvgy”k”n)?;keserû;‚des;savany£;s¢s;A;BIOLàGIA
Kinek az uralkod sa alatt kezdt‚k ‚p¡teni a r¢mai Colosseumot?;Nero;Augustus;Vespasianus;Traianus;C;T™RTNELEM
A s fr ny melyik r‚sz‚b‹l k‚sz¡tenek fûszert?;porz¢sz laib¢l;rgyeib‹l;magh z b¢l;bibesz l b¢l;D;BIOLàGIA
Melyik v ros psp”ke volt Szent Mikl¢s, akit a Mikul ssal azonos¡tunk?;Hippo;Biz nc ;Antiokheia;Myra;D;VALLµS
Mit jelent magyarul Costa Rica neve?;j¢ szerencse;gazdag tengerpart;vastag f”ld;b‹v¡zû foly¢;B;NYELV
Ki a zeneszerz‹je A keresztapa c¡mû 1974-es, Oscar-d¡jas filmnek?;Ennio Morricone;Sergio Leone;Nino Rota;John Barry;C;FILM
Melyik darabbal nyitott k meg a Nemzeti Sz¡nh z el‹dj‚nek sz m¡t¢ Pesti Magyar Sz¡nh zat?;Csongor ‚s Tnde;Az ember trag‚di ja;µrp d ‚bred‚se;B nk b n;C;SZÖNHµZ
Kinek a feles‚ge volt Kozmutza Fl¢ra?;J¢zsef Attila;Szab¢ L‹rinc;Illy‚s Gyula;Fst Mil n;C;IRODALOM
Honnan kapta a nev‚t a Plantagenet angol uralkod¢csal d?;egy bokorfajta ut n;egy ag rfaj ut n;egy kurtiz n neve ut n;egy p zsitfajta ut n;A;NYELV
Ki az a fest‹, akinek gyakori t‚m ja volt a sevillai piact‚r?;Caravaggio;Goya;El Greco;Vel zquez;D;KPZŠMëVSZET
Melyik labdar£g¢ klubcsapat nyerte a legt”bb nemzeti bajnoki c¡met?;Real Madrid;Juventus;Anderlecht;Glasgow Rangers;D;SPORT
Milyen ‚p¡t‚szeti eml‚k  ll Zsurkon ‚s Ny¡rb torban is?;g¢tikus templomrom;honfoglal s kori f”ldv r;cs¢nak alak£ fejfa;fa harangtorony;D;MAGYARORSZµG
Melyik magyar v ros nevezetess‚ge a Munk csy M£zeum?;Szeged;Sopron;B‚k‚scsaba;Veszpr‚m;C;MAGYARORSZµG
Ki ¡rt vari ci¢kat egy Purcell t‚m ra?;Brahms;Britten;Mahler;Sztravinszkij;B;OPERA
Milyen nemzetis‚gû volt Jean Sibelius zeneszerz‹?;n‚met;belga;finn;norv‚g;C;OPERA
Melyik operett volt K lm n Imre utols¢ szerzem‚nye?;A montmarte-i ibolya;Marica gr¢fn‹;™rd”glovas;Arizona Lady;D;OPERA
Kit‹l sz rmaztatta a csal dj t K”lcsey Ferenc?;Ond vez‚rt‹l;Hunyadi J nost¢l;µrp d fejedelemt‹l;IV. B‚l t¢l;A;IRODALOM
Melyik orsz gb¢l ered a j‚gkorong?;Sv‚dorsz gb¢l;az Egyeslt µllamokb¢l;Kanad b¢l;Finnorsz gb¢l;C;SPORT
Melyik ¢kori g”r”g filoz¢fus volt a maced¢niai Nagy S ndor nevel‹je?;Arhim‚d‚sz;Plat¢n;Arisztotel‚sz;Diogen‚sz;C;T™RTNELEM
Ki volt Rembrandt modellje ‚lete utols¢ ‚veiben?;Cybille;Saskia;Hendrickje;Kirsten;C;MëVSZET
Milyen sz rmaz s£ volt a budapesti Margit h¡d tervez‹je?;angol;belga;porosz;francia;D;PÖTSZET
Melyik orosz c r ny£jtott katonai seg¡ts‚get a Habsburgoknak 1849-ben?;I. Mikl¢s;II. Mikl¢s;I. S ndor;II. S ndor;A;T™RTNELEM
Ki ¡rt szvitet Seherez d‚r¢l?;Muszorgszkij;Rimszkij-Korszakov;Liszt Ferenc;Dvorak;B;OPERA
Ki kapta meg egym st k”vet‹ k‚t ‚vben a legjobb f‚rfialak¡t s‚rt j r¢ Oscar-d¡jat?;Tom Hanks;Al Pacino;Dustin Hoffman;Robert De Niro;A;FILM
Milyen motorral hajtott aut¢val l‚pt‚k  t el‹sz”r a 100 km/¢r s hat rt?;g‹z;k‚ttemû, bels‹ ‚g‚sû;villany;n‚gytemû, bels‹ ‚g‚sû;C;TECHNIKA
Melyik orsz g f‹v rosa Doha?;Gambia;Kamerun;Katar;Bhut n;C;ORSZµGOK
Ki kapott fizikai ‚s k‚miai Nobel-d¡jat is az al bbi tud¢sok k”zl?;Wilhelm Conrad R”ntgen;Marie Curie;Lord Ernest Rutherford;Irene Joliot-Curie;B;TUDOMµNY
Mit vizsg l az orvos, ha a mandibul t tapogatja?;az orrot;a homlokot;az  llkapcsot;a t‚rdet;C;BIOLàGIA
Melyik olimpi n nyertnk egyszerre arany- ‚s bronz‚rmet is kalap csvet‚sben?;R¢ma 1960;Mexik¢ 1968;London 1948;Helsinki 1952;D;SPORT
Az al bbi tud¢sok k”zl melyik nem a fizikai Nobel-d¡jat kapta meg?;Max Planck;Karl Werner Heisenberg;Erwin Schr”dinger;Lord Ernest Rutherford;D;TUDOMµNY
Milyen nyelvû bibliaford¡t s a Vulgata?;g”r”g;h‚ber;latin;olasz;C;VALLµS
Ki nem szerzett olimpiai arany‚rmet az al bbi kenusok k”zl?;Horv th Csaba;Parti J nos;Tatai Tibor;Wichmann Tam s;D;SPORT
Melyik magyar filmrendez‹ kapott ‚letmûd¡jat az 1979-es cannes-i filmfesztiv lon?;F bri Zolt n;Makk K roly;Szab¢ Istv n;Jancs¢ Mikl¢s;D;FILM
Milyen eredm‚nnyel gy‹z”tt Richard Fosbury magasugr sban a mexik¢i olimpi n?;219 cm;224 cm;226 cm;230 cm;B;SPORT
Shakespeare melyik dr m j t ford¡totta le Pet‹fi S ndor?;Hamlet;Coriolanus;Sok hûh¢ semmi‚rt;Julius Caesar;B;IRODALOM
Az al bbiak k”zl melyik nem kapta meg a legjobb filmnek j r¢ Oscar-d¡jat?;Most ‚s mind”r”kk‚;Van aki forr¢n szereti;A muzsika hangja;80 nap alatt a F”ld k”rl;B;FILM
Melyik orsz gban szletett a vil gh¡rû git ros, Carlos Santana?;Braz¡lia;USA;Mexik¢;Kuba;C;ZENE
A felsoroltak k”zl melyik zeneszerz‹t nem soroljuk a b‚csi klasszicizmus alkot¢i k”z‚?;Mozart;Haydn;Mahler;Beethoven;C;OPERA
Melyik ‚vben l‚pett be Magyarorsz g az ENSZ-be?;1955;1949;1945;1958;A;T™RTNELEM
Mit jelent magyarul a m‚g ma is l‚tez‹ mohik n t”rzs neve?;a b”l‚ny fia;sebes l¢;medve;farkas;D;NYELV
Ki gy‹zte le Spartacust, az ¢kori rabszolgafelkel‚s vezet‹j‚t?;Scipio;Pompeius;Julius Caesar;Crassus;D;T™RTNELEM
Melyik olimpi n lett £jra versenysz m az ¡j szat?;Toki¢ban;Mexik¢ban;Montre lban;Mnchenben;D;SPORT
Hogy nevezik a buddhista szerzetesrendet?;hinaj na;szangha;dharma;mah j na;B;VALLµS
Kik alap¡tott k Karth g¢ v ros t?;egyiptomiak;vikingek;sum‚rok;f”n¡ciaiak;D;T™RTNELEM
Sergio Leone melyik westernfilmj‚ben nem Clint Eastwood j tssza a f‹szerepet?;Egy mar‚knyi doll r‚rt;Egy mar‚k dinamit;A j¢, a rossz ‚s a cs£f;N‚h ny doll rral t”bb‚rt;B;FILM
"Melyik oper ban hangzik el a ""R galom ria""?";Rossini: A sevillai borb‚ly;Verdi: Rigoletto;Verdi: Otello;Mozart: Don Giovanni;A;OPERA
Kinek a sz”vege alapj n k‚szlt Bart¢k B‚la A csod latos mandarin c¡mû mûve?;Lengyel Menyh‚rt;Bal zs B‚la;Herczeg Ferenc;Kass k Lajos;A;OPERA
Milyen nemzetis‚gû Fortinbras, Hamlet egyik alakja?;angol;d n;sv‚d;norv‚g;D;IRODALOM
Ki volt a tagja az els‹ triumvir tusnak az al bbiak k”zl?;Augustus;Romulus;Vespasianus;Crassus;D;T™RTNELEM
Ki nem j tszotta el Fletcher Christian szerep‚t A Bounty l zad¢i c¡mû reg‚ny filmv ltozataiban?;Clark Gable;James Stewart;Marlon Brando;Mel Gibson;B;FILM
Az al bbi ûrhaj¢sok k”zl ki j rt legfiatalabban az ûrben?;Valerij Kubaszov;Farkas Bertalan;Jurij Gagarin;Neil Amstrong;C;TUDOMµNY
Az al bbi h¡res filmek k”zl egyet nem ugyanaz a rendez‹ rendezett, melyiket?;Ben Hur;R¢mai vak ci¢;Funny Girl;Kleop tra;D;FILM
Ki szerezte els‹ olimpiai arany‚rmnket ”ttusa egy‚niben?;T”r”k Ferenc;Balcz¢ Andr s;N‚meth Ferenc;Nagy Imre;C;SPORT
Az al bbi gombafajt k k”zl melyik m‚rgez‹?;nagy ‹zl bgomba;cs sz rgomba;trombitagomba;parlagi t”lcs‚rgomba;D;BIOLàGIA
Kinek a reg‚ny‚b‹l k‚sz¡tette Milos Forman Valmont c¡mû filmj‚t?;Choderlos de Laclos;Denis Diderot;Restif de la Bretonne;mile Verhaeren;A;FILM
Mikor ny¡lt meg hivatalosan a Sz‚pmûv‚szeti M£zeum?;a reformkorban;a kiegyez‚s ‚v‚ben;a XX. sz zad elej‚n;a II. vil gh bor£ ut n;C;µLTALµNOS
Melyik orsz g labdar£g¢ v logatottja nem nyert soha Eur¢pa-bajnoks got?;Anglia;D nia;Csehszlov kia;Hollandia;A;SPORT
Milyen orvoshoz fordulunk panaszunkkal, ha f j a fauxunk?;b‹rgy¢gy szhoz;urol¢gushoz;fogorvoshoz;g‚g‚szhez;D;BIOLàGIA
Ki tervezte a debreceni Arany Bika Sz ll¢ ‚plet‚t?;Hild J¢zsef;Haj¢s Alfr‚d;Ybl Mikl¢s;Pollack Mih ly;B;PÖTSZET
Az al bbi n”v‚nyek k”zl melyik lombhullat¢?;libanoni c‚drus;v”r”sfeny‹;dugl szfeny‹;atlaszc‚drus;B;BIOLàGIA
Milyen d¡jat osztanak a trieszti filmfesztiv lon?;Arany Polip;Arany Kagyl¢;Arany Aszteroid;Arany Galamb;C;FILM
Az al bbiak k”zl melyik opera nem tartozik Puccini Triptichonj ba?;A k”peny;Nyugat l nya;Angelica n‹v‚r;Gianni Schicchi;B;OPERA
Ki j tszotta Lucifer szerep‚t az Ember trag‚di ja ‹sbemutat¢j n?;Csortos Gyula;Gyenes L szl¢;Pethes Imre;àdry µrp d;B;SZÖNHµZ
Kit neveztek Erd‚lyben ken‚znek?;a falu b¡r j t;a falu papj t;a falu tan¡t¢j t;a falu csend‹r‚t;A;NYELV
